"_id",gender
984,f
237,m
985,f
986,f
987,f
988,f
989,f
522,m
990,f
991,f
992,f
993,f
136,m
409,m
328,m
333,m
994,f
995,f
996,f
200,m
747,m
541,m
997,f
797,m
998,f
495,m
999,f
1000,f
1001,f
1002,f
455,m
1003,f
481,m
20,m
1004,f
830,m
930,m
1005,f
779,m
949,m
44,m
281,m
377,m
1006,f
176,m
1007,f
1008,f
853,m
771,m
903,m
273,m
1009,f
337,m
179,m
1010,f
1011,f
112,m
1012,f
87,m
1013,f
1014,f
1015,f
874,m
652,m
1016,f
533,m
47,m
745,m
618,m
1017,f
1018,f
167,m
721,m
556,m
741,m
1019,f
809,m
1020,f
841,m
1021,f
1022,f
404,m
348,m
825,m
1023,f
1024,f
1025,f
431,m
856,m
104,m
1026,f
1027,f
419,m
975,m
1028,f
1029,f
1030,f
1031,f
678,m
654,m
1032,f
314,m
1033,f
1034,f
1035,f
1036,f
1037,f
1038,f
1039,f
625,m
1040,f
1041,f
977,m
550,m
147,m
970,m
193,m
1042,f
929,m
1043,f
1044,f
1045,f
1046,f
1047,f
1048,f
1049,f
489,m
424,m
961,m
1050,f
1051,f
122,m
1052,f
49,m
1053,f
55,m
1054,f
1055,f
1056,f
121,m
300,m
1057,f
637,m
10,m
728,m
1058,f
1059,f
750,m
113,m
1060,f
837,m
1061,f
144,m
453,m
256,m
1062,f
1063,f
1064,f
697,m
283,m
680,m
1065,f
507,m
687,m
432,m
1066,f
1067,f
93,m
1068,f
1069,f
491,m
1070,f
1071,f
1072,f
1073,f
776,m
714,m
1074,f
1075,f
1076,f
343,m
577,m
1077,f
1078,f
1079,f
1080,f
148,m
561,m
1081,f
247,m
1082,f
1083,f
1084,f
271,m
1085,f
921,m
1086,f
107,m
1087,f
287,m
976,m
2,m
1088,f
1089,f
762,m
953,m
1090,f
1091,f
536,m
585,m
1092,f
35,m
1093,f
1094,f
1095,f
274,m
1096,f
133,m
16,m
374,m
482,m
951,m
956,m
1097,f
1098,f
1099,f
1100,f
1101,f
1102,f
1103,f
707,m
515,m
98,m
709,m
1104,f
573,m
531,m
378,m
427,m
1105,f
1106,f
315,m
1107,f
889,m
584,m
574,m
304,m
560,m
1108,f
1109,f
706,m
1110,f
803,m
331,m
206,m
940,m
822,m
924,m
1111,f
1112,f
957,m
606,m
1113,f
463,m
1114,f
1115,f
1116,f
211,m
1117,f
1118,f
749,m
1119,f
1120,f
1121,f
917,m
819,m
810,m
1122,f
96,m
446,m
1123,f
1124,f
1125,f
439,m
915,m
1126,f
1127,f
31,m
1128,f
1129,f
1130,f
968,m
787,m
460,m
1131,f
1132,f
417,m
1133,f
659,m
611,m
1134,f
95,m
41,m
451,m
599,m
1135,f
1136,f
1137,f
344,m
1138,f
437,m
1139,f
145,m
1140,f
1141,f
939,m
1142,f
619,m
1143,f
1144,f
15,m
1145,f
982,m
1146,f
657,m
1147,f
1148,f
656,m
423,m
254,m
1149,f
1150,f
653,m
1151,f
1152,f
610,m
1153,f
1154,f
1155,f
1156,f
962,m
110,m
174,m
235,m
647,m
1157,f
1158,f
823,m
1159,f
700,m
1160,f
1161,f
411,m
222,m
1162,f
1163,f
1164,f
1165,f
1166,f
628,m
227,m
1167,f
1168,f
33,m
238,m
1169,f
45,m
690,m
1170,f
436,m
792,m
156,m
1171,f
106,m
799,m
1172,f
614,m
184,m
890,m
1173,f
545,m
1174,f
1175,f
239,m
40,m
1176,f
1177,f
251,m
1178,f
1179,f
1180,f
882,m
754,m
347,m
632,m
1181,f
1182,f
146,m
887,m
435,m
1183,f
1184,f
1185,f
736,m
1186,f
551,m
316,m
1187,f
195,m
1188,f
1189,f
1190,f
143,m
1191,f
838,m
299,m
1192,f
111,m
1193,f
1194,f
1195,f
594,m
280,m
1196,f
1197,f
1198,f
1199,f
1200,f
341,m
1201,f
217,m
906,m
971,m
537,m
384,m
99,m
782,m
1202,f
1203,f
1204,f
916,m
1205,f
320,m
1206,f
693,m
859,m
338,m
358,m
276,m
777,m
589,m
1207,f
1208,f
1209,f
751,m
114,m
947,m
243,m
648,m
259,m
234,m
535,m
444,m
938,m
842,m
1210,f
781,m
1211,f
310,m
277,m
478,m
1212,f
1213,f
329,m
1214,f
1215,f
226,m
81,m
1216,f
1217,f
1218,f
1219,f
493,m
601,m
1220,f
1221,f
58,m
1222,f
578,m
1223,f
553,m
959,m
1224,f
132,m
1225,f
282,m
542,m
530,m
966,m
586,m
1226,f
1227,f
298,m
579,m
1228,f
883,m
295,m
70,m
848,m
1229,f
1230,f
662,m
1231,f
1232,f
43,m
508,m
1233,f
897,m
1234,f
89,m
1235,f
194,m
675,m
593,m
1236,f
1237,f
1238,f
641,m
399,m
1239,f
1240,f
263,m
748,m
1241,f
1242,f
724,m
1243,f
297,m
587,m
1244,f
911,m
605,m
90,m
354,m
1245,f
306,m
703,m
1246,f
1247,f
242,m
1248,f
701,m
1249,f
1250,f
1251,f
248,m
950,m
395,m
189,m
655,m
76,m
1252,f
1253,f
0,m
1254,f
1255,f
118,m
1256,f
252,m
1257,f
702,m
764,m
1258,f
1259,f
1260,f
1261,f
1262,f
165,m
529,m
351,m
1263,f
108,m
1264,f
1265,f
876,m
1266,f
1267,f
1268,f
487,m
42,m
1269,f
216,m
812,m
631,m
474,m
543,m
735,m
272,m
1270,f
761,m
459,m
1271,f
506,m
1272,f
827,m
62,m
1273,f
1274,f
913,m
732,m
895,m
1275,f
1276,f
1277,f
1278,f
1279,f
769,m
908,m
1280,f
923,m
1281,f
768,m
1282,f
909,m
1283,f
1284,f
960,m
501,m
1285,f
1286,f
772,m
1287,f
1288,f
376,m
1289,f
1290,f
425,m
801,m
1291,f
186,m
456,m
1292,f
1293,f
125,m
24,m
1294,f
38,m
972,m
356,m
683,m
1295,f
1296,f
1297,f
615,m
575,m
765,m
1298,f
539,m
630,m
1299,f
290,m
1300,f
462,m
1301,f
1302,f
1303,f
363,m
1304,f
56,m
1305,f
1306,f
926,m
1307,f
1308,f
1309,f
1310,f
665,m
1311,f
1312,f
61,m
1313,f
1314,f
1315,f
1316,f
5,m
483,m
441,m
817,m
476,m
166,m
1317,f
177,m
1318,f
1319,f
1320,f
1321,f
516,m
225,m
1322,f
682,m
457,m
534,m
1323,f
309,m
152,m
1324,f
450,m
1325,f
293,m
1326,f
623,m
1327,f
1328,f
808,m
253,m
69,m
500,m
205,m
523,m
1329,f
1330,f
1331,f
215,m
896,m
1332,f
713,m
1333,f
622,m
1334,f
422,m
1335,f
214,m
963,m
34,m
901,m
1336,f
873,m
454,m
967,m
694,m
1337,f
1338,f
398,m
342,m
1339,f
1340,f
137,m
945,m
1341,f
1342,f
868,m
546,m
479,m
1343,f
862,m
974,m
1344,f
740,m
595,m
1345,f
829,m
415,m
943,m
1346,f
920,m
28,m
1347,f
1348,f
169,m
1349,f
1350,f
946,m
1351,f
798,m
1352,f
92,m
1353,f
368,m
708,m
1354,f
72,m
352,m
236,m
919,m
828,m
613,m
345,m
564,m
1355,f
783,m
793,m
847,m
212,m
1356,f
353,m
1357,f
443,m
1358,f
1359,f
509,m
1360,f
1361,f
492,m
514,m
918,m
288,m
1362,f
1363,f
1364,f
1365,f
429,m
796,m
1366,f
1367,f
604,m
1368,f
1369,f
770,m
63,m
406,m
1370,f
380,m
1371,f
845,m
440,m
312,m
757,m
1372,f
805,m
301,m
1373,f
581,m
123,m
1374,f
660,m
223,m
447,m
814,m
240,m
875,m
1375,f
620,m
871,m
1376,f
834,m
1377,f
188,m
39,m
1378,f
1379,f
1380,f
420,m
590,m
138,m
864,m
1381,f
60,m
743,m
413,m
175,m
366,m
1382,f
1383,f
449,m
387,m
978,m
893,m
1384,f
1385,f
1386,f
1387,f
1388,f
1389,f
228,m
51,m
788,m
37,m
1390,f
1391,f
937,m
1392,f
1393,f
902,m
1394,f
115,m
421,m
1395,f
934,m
1396,f
1397,f
361,m
494,m
1398,f
187,m
1399,f
571,m
1400,f
758,m
1401,f
1402,f
1403,f
1404,f
942,m
1405,f
806,m
1406,f
1407,f
1408,f
1409,f
1410,f
738,m
1411,f
30,m
1412,f
289,m
120,m
1413,f
1414,f
86,m
710,m
498,m
1415,f
350,m
1416,f
835,m
172,m
677,m
472,m
621,m
1417,f
305,m
257,m
1418,f
1419,f
244,m
1420,f
570,m
668,m
334,m
1421,f
246,m
1422,f
68,m
1423,f
1424,f
79,m
815,m
505,m
1425,f
1426,f
1427,f
270,m
245,m
375,m
8,m
1428,f
1429,f
643,m
1430,f
744,m
569,m
14,m
291,m
932,m
318,m
75,m
405,m
1431,f
414,m
1432,f
224,m
602,m
1433,f
1434,f
1435,f
261,m
324,m
1436,f
948,m
731,m
931,m
150,m
25,m
442,m
878,m
1437,f
101,m
725,m
1438,f
185,m
141,m
979,m
1439,f
872,m
250,m
1440,f
715,m
1441,f
548,m
528,m
1442,f
785,m
1443,f
1444,f
1445,f
29,m
640,m
1446,f
1447,f
1448,f
1449,f
885,m
807,m
1450,f
755,m
1451,f
267,m
153,m
1452,f
955,m
103,m
19,m
646,m
379,m
392,m
461,m
1453,f
600,m
1454,f
739,m
67,m
364,m
497,m
1455,f
64,m
727,m
475,m
1456,f
1457,f
1458,f
679,m
208,m
524,m
372,m
1459,f
1460,f
672,m
48,m
394,m
332,m
46,m
496,m
558,m
480,m
190,m
563,m
473,m
922,m
139,m
518,m
1461,f
448,m
1462,f
1463,f
1464,f
1465,f
433,m
1466,f
1467,f
322,m
1468,f
1469,f
833,m
117,m
464,m
131,m
204,m
1470,f
499,m
635,m
468,m
355,m
852,m
1471,f
617,m
603,m
77,m
1472,f
1473,f
900,m
1474,f
780,m
1475,f
275,m
88,m
821,m
23,m
644,m
870,m
365,m
296,m
1476,f
1477,f
1478,f
400,m
626,m
1479,f
1480,f
319,m
65,m
666,m
373,m
520,m
851,m
381,m
249,m
1481,f
469,m
844,m
151,m
1482,f
1483,f
568,m
1484,f
525,m
894,m
521,m
695,m
292,m
503,m
1485,f
199,m
484,m
591,m
53,m
723,m
1486,f
397,m
791,m
804,m
1487,f
1488,f
142,m
27,m
734,m
1489,f
884,m
82,m
340,m
729,m
124,m
180,m
182,m
1490,f
881,m
130,m
1491,f
22,m
1492,f
1493,f
1494,f
1495,f
1496,f
158,m
1497,f
485,m
1498,f
1499,f
1500,f
607,m
608,m
624,m
73,m
178,m
412,m
393,m
1501,f
912,m
203,m
388,m
1502,f
1503,f
969,m
778,m
1504,f
513,m
1505,f
1506,f
323,m
1507,f
467,m
527,m
12,m
726,m
426,m
627,m
1508,f
1509,f
1510,f
1511,f
52,m
382,m
636,m
1512,f
880,m
795,m
576,m
458,m
219,m
1513,f
78,m
1514,f
1515,f
4,m
502,m
517,m
954,m
813,m
865,m
321,m
840,m
1516,f
1517,f
1518,f
941,m
1519,f
154,m
1520,f
846,m
720,m
818,m
1521,f
650,m
171,m
9,m
538,m
311,m
1522,f
1523,f
1524,f
699,m
1525,f
418,m
1526,f
1527,f
302,m
774,m
935,m
161,m
54,m
1528,f
119,m
1529,f
598,m
1530,f
839,m
1531,f
645,m
1532,f
1533,f
763,m
327,m
562,m
1,m
1534,f
1535,f
1536,f
127,m
1537,f
1538,f
964,m
511,m
691,m
403,m
1539,f
717,m
858,m
588,m
526,m
486,m
1540,f
359,m
891,m
1541,f
1542,f
1543,f
1544,f
1545,f
973,m
773,m
168,m
832,m
1546,f
642,m
1547,f
1548,f
1549,f
698,m
401,m
134,m
416,m
1550,f
559,m
1551,f
1552,f
192,m
1553,f
1554,f
831,m
722,m
849,m
1555,f
552,m
284,m
719,m
596,m
1556,f
385,m
1557,f
83,m
445,m
670,m
1558,f
1559,f
407,m
71,m
866,m
1560,f
685,m
669,m
94,m
638,m
733,m
17,m
667,m
1561,f
1562,f
269,m
1563,f
860,m
1564,f
696,m
452,m
676,m
1565,f
1566,f
567,m
737,m
980,m
629,m
1567,f
1568,f
1569,f
898,m
197,m
811,m
958,m
438,m
910,m
173,m
1570,f
983,m
1571,f
163,m
933,m
944,m
753,m
202,m
1572,f
1573,f
490,m
1574,f
1575,f
540,m
1576,f
1577,f
1578,f
904,m
1579,f
649,m
157,m
149,m
209,m
1580,f
1581,f
716,m
663,m
673,m
557,m
555,m
786,m
129,m
1582,f
1583,f
712,m
1584,f
428,m
367,m
855,m
307,m
1585,f
18,m
1586,f
1587,f
843,m
74,m
1588,f
730,m
1589,f
1590,f
1591,f
597,m
1592,f
66,m
308,m
952,m
396,m
504,m
346,m
1593,f
1594,f
1595,f
220,m
391,m
105,m
752,m
861,m
160,m
196,m
674,m
794,m
1596,f
547,m
268,m
1597,f
1598,f
820,m
218,m
1599,f
100,m
766,m
1600,f
335,m
857,m
879,m
1601,f
1602,f
84,m
313,m
1603,f
746,m
789,m
57,m
711,m
1604,f
566,m
1605,f
1606,f
1607,f
294,m
802,m
336,m
1608,f
262,m
279,m
191,m
128,m
181,m
1609,f
704,m
1610,f
221,m
688,m
1611,f
658,m
383,m
1612,f
1613,f
1614,f
210,m
1615,f
1616,f
85,m
1617,f
1618,f
362,m
1619,f
183,m
760,m
303,m
1620,f
1621,f
198,m
241,m
170,m
1622,f
11,m
1623,f
928,m
229,m
718,m
285,m
689,m
408,m
13,m
1624,f
1625,f
230,m
1626,f
1627,f
580,m
369,m
255,m
317,m
1628,f
1629,f
1630,f
759,m
207,m
1631,f
1632,f
470,m
790,m
1633,f
126,m
1634,f
465,m
1635,f
371,m
1636,f
1637,f
634,m
286,m
231,m
1638,f
824,m
888,m
892,m
1639,f
549,m
1640,f
907,m
201,m
850,m
1641,f
1642,f
1643,f
116,m
1644,f
867,m
1645,f
1646,f
686,m
1647,f
370,m
1648,f
1649,f
36,m
1650,f
1651,f
609,m
927,m
583,m
7,m
1652,f
360,m
266,m
616,m
260,m
1653,f
1654,f
325,m
386,m
1655,f
477,m
1656,f
532,m
510,m
97,m
681,m
3,m
877,m
684,m
1657,f
265,m
232,m
1658,f
1659,f
925,m
1660,f
155,m
519,m
1661,f
1662,f
1663,f
1664,f
582,m
1665,f
633,m
863,m
572,m
592,m
102,m
775,m
742,m
330,m
1666,f
1667,f
434,m
1668,f
1669,f
326,m
50,m
233,m
1670,f
162,m
612,m
1671,f
1672,f
554,m
1673,f
784,m
488,m
164,m
213,m
671,m
471,m
1674,f
826,m
565,m
936,m
836,m
159,m
466,m
1675,f
32,m
965,m
1676,f
91,m
339,m
6,m
1677,f
756,m
1678,f
1679,f
886,m
1680,f
1681,f
1682,f
264,m
914,m
278,m
1683,f
692,m
1684,f
705,m
512,m
854,m
402,m
410,m
905,m
816,m
767,m
639,m
1685,f
1686,f
1687,f
661,m
389,m
26,m
1688,f
1689,f
59,m
1690,f
357,m
664,m
140,m
800,m
544,m
1691,f
1692,f
135,m
258,m
899,m
109,m
981,m
430,m
390,m
80,m
651,m
869,m
349,m
1693,f
1694,f
21,m
